,math_score,reading_score,writing_score,average_score
count,1000.0,1000.0,1000.0,1000.0
mean,66.089,69.169,68.054,67.77066666666666
std,15.16308009600945,14.600191937252216,15.19565701086965,14.257325984669144
min,0.0,17.0,10.0,9.0
25%,57.0,59.0,57.75,58.333333333333336
50%,66.0,70.0,69.0,68.33333333333333
75%,77.0,79.0,79.0,77.66666666666667
max,100.0,100.0,100.0,100.0
